{"cameraMode":{"drawMode":0,"name":"Shaded","section":"Shading Mode"},"sceneLighting":true,"audioPlay":false,"sceneViewState":{"m_AlwaysRefresh":false,"showFog":true,"showSkybox":true,"showFlares":true,"showImageEffects":true,"showParticleSystems":true,"showVisualEffectGraphs":true,"m_FxEnabled":true},"in2DMode":false,"pivot":{"x":624.9134521484375,"y":114.79087829589844,"z":537.529541015625},"rotation":{"x":-0.06016136333346367,"y":-0.060754504054784778,"z":0.0036685706581920387,"w":-0.9963319301605225},"size":899.2761840820313,"orthographic":false}